id,name_zh
1,白昼
2,酒
3,残夜
3,鞭炮
4,残枝
5,草
6,禅房
7,蝉
8,船
9,都城
10,村落
11,边塞
12,风
13,烽火
14,蜂
15,孩童
16,笔
17,海
18,河流
19,荷花
20,湖
21,蝴蝶
22,画
23,鸡
24,楼
25,马
26,明月
27,鸟
28,瀑布
29,桥
30,清晨
31,蜻蜓
32,秋
33,山
34,闪电
35,书卷
36,树
37,桃花
38,田园
39,亭
40,蛙
41,雾
42,夕阳
43,斜阳
44,星星
45,雪
46,雪景
47,雪景植被
48,鸭
49,鱼
50,雨
51,猿
52,院子
53,云
54,竹
55,椅子
56,枫叶
57,狗
58,龟
59,蛇
60,龙
61,蓑翁
62,烟花
63,青苔
64,诗人
65,柳
66,刀剑
67,灯笼
68,书卷
69,乐器
70,战士
71,瓷器
72,茶杯
73,屏风
74,门
75,宫殿
76,废墟
77,霜
78,虫
79,马车
80,牛
81,羊
82,将军
83,集市
84,松树
85,池塘
86,河岸
87,泉水
88,枕头
89,旗帜
90,神仙
91,桂花
92,鹿
93,大雁
94,杏花
95,梅花
96,兰花
97,菊花
98,梨花
99,玉壶
100,子规（杜鹃）
101,菩萨
102,匠人
103,床榻
104,扇
105,山谷
106,蜡烛
107,垂杨
108,鹦鹉
109,小儿
110,英雄
111,花落
112,桃李
113,素琴
114,秋千
115,银河
116,山河
117,残花
118,飞花
119,蔷薇
120,芍药
121,翡翠
122,蛛网
123,老人
124,行人
125,花影
126,怪石
127,枝头
128,黄叶
129,波涛
130,读书
131,彩云
132,尘埃
133,日月
134,人家
135,瑶池
136,微雨
137,绿阴
138,百花
139,灯火
140,黄鹂
141,篱笆
142,梧桐
143,鼎
144,高台
145,大石
146,茅房
147,马鞭
148,岛屿
149,桑树
150,红日
151,笙
152,横笛
153,白鹤
154,珊瑚
155,荔枝
156,杯盘
157,丁香
158,水仙
159,凭栏
160,金钗
161,麋鹿
162,酒家
163,笔砚
164,葵
165,深潭
166,明镜
167,金钱
168,弓
169,妆台
170,鼓声
171,水晶
172,钟声
173,客舍
174,石榴
175,蟾蜍
176,钓竿
177,兔子
178,香炉
179,芭蕉
180,书信
181,虎
182,被子
183,琵琶
184,金印
185,丝竹
186,老僧
187,书生
188,鲈鱼
189,龙舟
190,白鹭
191,荔枝
192,丁香
193,大象
194,柿
195,蛟龙
196,羽毛
197,狮
198,雕
199,狼
200,鼠
201,狐
202,蝙蝠
203,蜡烛
204,美人
205,燕子
206,宝塔
207,庭院
208,古人
209,霓裳
210,蜘蛛
211,驴
212,寺庙
213,卷帘
214,尘土
215,珍珠
216,铜
217,麦子
218,芦花
219,仙翁
220,碧玉
221,神女
222,灵芝
223,凤凰
224,拐杖
225,葫芦
226,笋
227,黄莺
228,郁金香
229,猩猩
230,金盆
231,银饰
232,金鱼
233,喜鹊
234,麻雀
235,鸳鸯
236,天鹅
237,坟
238,乌鸦
239,鸥
240,孔雀
241,鹰
242,鹧鸪
243,调羹
244,玫瑰
245,蚂蚁
246,蟹
247,猕猴
248,青葱
249,乌云
250,紫檀
251,白骨
252,妇人
253,仙子
254,发簪
255,茉莉
256,鸬鹚
257,农民
258,箜篌
259,萤火虫
260,冰柱
261,彩虹
262,马鞍
263,碗
264,槐树
265,井
266,椒
267,蜗牛
268,斧
269,樊笼
270,泥
271,藤萝
272,太湖石
273,鸟巢
274,树叶
275,灯
276,窗格
277,盐花
278,花瓶
279,米饭
280,羊皮
281,战马
282,鲸鱼
283,长矛
284,骆驼
285,硫磺
286,石碑
287,水草
288,馒头
289,宝珠
290,蔬果
291,海棠
292,黄瓜
293,斧钺
294,橄榄
295,香橙
296,弹弓
297,肉食
298,渔具
299,侍卫
300,箭
301,悬崖
302,行囊
303,猎人
304,棋盘
305,竹席
306,麒麟
307,蟋蟀
308,古筝
309,红豆
310,漏壶
311,犀牛
312,猫
313,蚕
314,酒坛
315,榆树
316,炊烟
317,船夫
318,灶台
319,渡口
320,沙漠
321,铃
322,号角
323,锄头
324,樱桃
325,菱角
326,海螺
327,枣
328,栗树
329,织机
330,猫头鹰
331,熊
332,伞
333,书案
334,蝇
335,玛瑙
336,帝王
337,官员
338,鬼
339,球
340,道士
341,茱萸
342,筷子
343,樵夫
344,鳄鱼
345,木槿
346,河蚌
347,葡萄
348,猪
349,篮子
350,商人
